{
  "schemaVersion": 1,
  "id": "demonically",
  "version": "0.0.1",

  "name": "Demonically",
  "description": "",
  "authors": [
    "Hassan Abouelela"
  ],
  "contact": {
    "homepage": "https://fabricmc.net/",
    "sources": "https://github.com/HassanAbouelela/demonically"
  },

  "license": "MIT",
  "icon": "assets/demonically/icon.png",

  "environment": "*",
  "entrypoints": {
    "main": [
      "net.fabricmc.demonically.Demonically"
    ]
  },
  "mixins": [
    "demonically.mixins.json"
  ],

  "depends": {
    "fabricloader": ">=0.7.4",
    "fabric": "*",
    "minecraft": "1.16.x"
  },
  "suggests": {
    "another-mod": "*"
  }
}
